{"epoch": 0, "training loss": 3.001037120819092, "lr": 0.0, "_timestamp": 1661754143.1870825, "_runtime": 98.83758759498596, "_step": 23, "_wandb": {"runtime": 100}}