{"epoch": 2, "training loss": 3.012561082839966, "lr": 0.0, "_timestamp": 1661753910.9830382, "_runtime": 3007.3807191848755, "_step": 828, "_wandb": {"runtime": 3008}}